ts_s,loss_rate
1776703897,0.0
1776703898,0.004310344827586207
1776703899,0.046129032258064515
1776703900,0.060709107965205525
1776703901,0.056234923612972394
1776703902,0.07533231295331072
1776703903,0.2268750974872431
1776703904,0.18373303167420812
1776703905,0.1796343537414966
1776703906,0.2172794117647059
1776703907,0.11974637681159421
1776703908,0.15522700119474314
1776703909,0.15484189723320158
1776703910,0.11705653021442494
1776703911,0.08823529411764706
1776703912,0.14723346828609987
1776703913,0.047619047619047616
1776703914,0.044444444444444446
1776703915,0.030303030303030304
1776703916,0.007042253521126761
1776703917,0.03125
1776703918,0.029411764705882353
1776703919,0.07043343653250775
1776703920,0.18055555555555555
1776703921,0.038461538461538464
1776703922,0.10090579710144927
1776703923,0.09166666666666667
1776703924,0.050024050024050026
1776703925,0.09294871794871795
1776703926,0.13415750915750915
1776703927,0.0373015873015873
1776703928,0.12222222222222223
1776703929,0.1503831417624521
1776703930,0.13386463386463388
1776703931,0.12328548644338118
1776703932,0.08585858585858586
1776703933,0.15953079178885632
1776703934,0.1816849816849817
1776703935,0.1553663727576771
1776703936,0.16358024691358022
1776703937,0.1870941558441558
1776703938,0.17518939393939395
1776703939,0.2004807692307692
1776703940,0.1111111111111111
1776703941,0.15151515151515152
1776703942,0.13835125448028673
1776703943,0.09444444444444444
1776703944,0.1264069264069264
1776703945,0.14393939393939395
1776703946,0.13608058608058607
1776703947,0.11025641025641027
1776703948,0.047619047619047616
1776703949,0.11178451178451178
1776703950,0.16025641025641027
1776703951,0.173992673992674
1776703952,0.19179894179894177
1776703953,0.16507936507936508
1776703954,0.10726817042606517
1776703955,0.16189039718451484
1776703956,0.12676767676767678
1776703957,0.136892177589852
1776703958,0.07575757575757576
1776703959,0.07142857142857142
1776703960,0.14779596048945895
1776703961,0.19266381766381765
1776703962,0.15782828282828285
1776703963,0.17013888888888887
1776703964,0.16999260901699928
1776703965,0.13766699250570216
1776703966,0.14502164502164502
1776703967,0.18030303030303033
1776703968,0.21296296296296294
1776703969,0.157703081232493
1776703970,0.19892473118279572
1776703971,0.1722222222222222
1776703972,0.13580246913580246
1776703973,0.19523809523809524
1776703974,0.15579212454212454
1776703975,0.1330891330891331
1776703976,0.13247863247863248
1776703977,0.14559125085440874
1776703978,0.1956099456099456
1776703979,0.14393939393939395
1776703980,0.06256109481915934
1776703981,0.10714285714285714
1776703982,0.14718451483157366
1776703983,0.11500155617802676
1776703984,0.13203463203463203
1776703985,0.13903743315508021
1776703986,0.07692307692307693
1776703987,0.17234848484848486
1776703988,0.11527035056446822
1776703989,0.17986425339366519
1776703990,0.12323232323232323
1776703991,0.18703703703703703
1776703992,0.1653404067197171
1776703993,0.1479458041958042
1776703994,0.18855218855218855
1776703995,0.16537667698658412
1776703996,0.1814814814814815
1776703997,0.14126984126984127
1776703998,0.15842490842490842
1776703999,0.12553418803418803
1776704000,0.09775641025641026
1776704001,0.15761689291101058
1776704002,0.15757575757575756
1776704003,0.14628125497690717
1776704004,0.09965034965034965
1776704005,0.13961840628507297
1776704006,0.13
1776704007,0.09478021978021978
1776704008,0.13065436978480457
1776704009,0.11567852437417654
1776704010,0.17912433478471215
1776704011,0.158082497212932
1776704012,0.1717171717171717
1776704013,0.12002072002072002
1776704014,0.13809523809523808
1776704015,0.12283549783549781
1776704016,0.07142857142857142
1776704017,0.1388888888888889
1776704018,0.15
1776704019,0.09200174825174827
1776704020,0.0
1776704021,0.13888888888888887
1776704022,0.15427350427350428
1776704023,0.06443747823058167
1776704024,0.15034965034965034
1776704025,0.1234006734006734
1776704026,0.14835164835164835
1776704027,0.11079455523899968
1776704028,0.11677224736048265
1776704029,0.11631944444444446
1776704030,0.12454212454212454
1776704031,0.1278575225943647
1776704032,0.0967570441254652
1776704033,0.07316017316017316
1776704034,0.12096101730248073
1776704035,0.10340909090909091
1776704036,0.13888888888888887
1776704037,0.12972816657027184
1776704038,0.14506172839506173
1776704039,0.10755910755910757
1776704040,0.1275252525252525
1776704041,0.09525669061751536
1776704042,0.07692307692307693
1776704043,0.13991935483870968
1776704044,0.07264957264957266
1776704045,0.13089591567852438
1776704046,0.12346938775510204
1776704047,0.07556750298685783
1776704048,0.027976190476190474
1776704049,0.11886304909560723
1776704050,0.12434091729866377
1776704051,0.11025641025641027
1776704052,0.1502238502238502
1776704053,0.05897435897435898
1776704054,0.13203463203463203
1776704055,0.11826599326599328
1776704056,0.1809954751131222
1776704057,0.10984126984126984
1776704058,0.09444444444444444
1776704059,0.15211436397877076
1776704060,0.10173160173160173
1776704061,0.06779100529100529
1776704062,0.14733305909776498
1776704063,0.05555555555555555
1776704064,0.14913419913419915
1776704065,0.1746794871794872
1776704066,0.0888510396707118
1776704067,0.1451048951048951
1776704068,0.1286955303348746
1776704069,0.11667744020685196
1776704070,0.13809523809523808
1776704071,0.09141583054626534
1776704072,0.11507936507936507
1776704073,0.12974525474525475
1776704074,0.10544871794871795
1776704075,0.07212475633528265
1776704076,0.0785207700101317
1776704077,0.056267806267806274
1776704078,0.14594928880643165
1776704079,0.15164247517188692
1776704080,0.14937728937728936
1776704081,0.10158508158508157
1776704082,0.12255799755799757
1776704083,0.16625615763546797
1776704084,0.10421706176423158
1776704085,0.1019932448503877
1776704086,0.1064327485380117
1776704087,0.12850270297078809
1776704088,0.10437710437710439
1776704089,0.11446287916876152
1776704090,0.10158508158508157
1776704091,0.17603850050658562
1776704092,0.1465034965034965
1776704093,0.14162028447742733
1776704094,0.07596371882086168
1776704095,0.13382173382173382
1776704096,0.09281045751633987
1776704097,0.10220125786163521
1776704098,0.17476190476190476
1776704099,0.1650326797385621
1776704100,0.08491295938104448
1776704101,0.021739130434782608
1776704102,0.1552059052059052
1776704103,0.12083333333333335
1776704104,0.17236467236467237
1776704105,0.14583333333333334
1776704106,0.15840455840455842
1776704107,0.1528867957439386
1776704108,0.15696316262353996
1776704109,0.12767094017094016
1776704110,0.16414141414141414
1776704111,0.09270516717325228
1776704112,0.1412121212121212
1776704113,0.1255952380952381
1776704114,0.1291294911984567
1776704115,0.1387012987012987
1776704116,0.15336236090953073
1776704117,0.1865881032547699
1776704118,0.12446748653645205
1776704119,0.14545454545454548
1776704120,0.12234148280659908
1776704121,0.10119292472233649
1776704122,0.17399267399267396
1776704123,0.1547008547008547
1776704124,0.15696316262354
1776704125,0.16509803921568628
1776704126,0.07554112554112553
1776704127,0.12155844155844157
1776704128,0.1534833091436865
1776704129,0.011111111111111112
1776704130,0.041797283176593515
1776704131,0.08725718725718727
1776704132,0.1101010101010101
1776704133,0.10629781177726383
1776704134,0.08386752136752136
1776704135,0.06937799043062201
1776704136,0.11506805951250394
1776704137,0.11632876167759888
1776704138,0.11623511623511625
1776704139,0.11010558069381599
1776704140,0.11616161616161617
1776704141,0.09934640522875816
1776704142,0.1042483660130719
1776704143,0.13406593406593406
1776704144,0.08219954648526077
1776704145,0.12989652623798967
1776704146,0.10476190476190476
1776704147,0.10123828647925033
1776704148,0.05882352941176471
1776704149,0.09222222222222222
1776704150,0.13035243741765482
1776704151,0.027777777777777776
1776704152,0.11231361231361231
1776704153,0.044444444444444446
1776704154,0.11428571428571428
1776704155,0.08333333333333333
1776704156,0.10317460317460318
1776704157,0.10822510822510822
1776704158,0.14849624060150377
1776704159,0.14516594516594516
1776704160,0.1272727272727273
1776704161,0.06060606060606061
1776704162,0.11842105263157894
1776704163,0.1636904761904762
1776704164,0.10665210665210666
1776704165,0.13338385752178855
1776704166,0.18553459119496854
1776704167,0.1314935064935065
1776704168,0.09712509712509713
1776704169,0.1343915343915344
1776704170,0.10348330914368649
1776704171,0.17345399698340877
1776704172,0.1858974358974359
1776704173,0.16758241758241757
1776704174,0.08194444444444444
1776704175,0.15719063545150502
1776704176,0.1294871794871795
1776704177,0.16245791245791244
1776704178,0.11737786023500309
1776704179,0.1532738095238095
1776704180,0.08763308763308764
1776704181,0.15011926058437686
1776704182,0.16435185185185186
1776704183,0.16016548463356972
1776704184,0.1489660876757651
1776704185,0.12754036087369422
1776704186,0.1185897435897436
1776704187,0.08974358974358974
1776704188,0.1253246753246753
1776704189,0.1400800457404231
1776704190,0.09653092006033183
1776704191,0.10683760683760685
1776704192,0.11148325358851674
1776704193,0.16774891774891776
1776704194,0.14651416122004357
1776704195,0.09905982905982906
1776704196,0.1392253136933988
1776704197,0.18888888888888888
1776704198,0.17680652680652678
1776704199,0.1531301677297425
1776704200,0.1176470588235294
1776704201,0.12040133779264213
1776704202,0.19047619047619047
